Instances	 nnodes	 p	 strates	 faisabilite	 temps	 fctObj	 As	 Bs	 As+Bs	 noeuds	 borne	 gap
LP	./instancesSurcharges/alpha0_1/pmed/pmed11_4.txt	300	5	15	Optimal	2938.678349018097	A	564.0549180646171	768.0489740088904	1332.1038920735075	0.0	803.1763301465501
LP	./instancesSurcharges/alpha0_1/pmed/pmed13_5.txt	300	30	20	Optimal	1113.4611570835114	A	852.6145254572297	1387.6810441568857	2240.2955696141153	0.0	860.0
LP	./instancesSurcharges/alpha0_1/pmed/pmed16_3.txt	400	5	10	Optimal	2121.089866876602	A	195.9795658001426	242.50214424941788	438.4817100495605	0.0	433.0912596300428
LP	./instancesSurcharges/alpha0_1/pmed/pmed16_4.txt	400	5	15	Optimal	946.6446249485016	A	524.4615296068753	630.8754802012741	1155.3370098081493	0.0	676.7593649389289
LP	./instancesSurcharges/alpha0_1/pmed/pmed17_4.txt	400	10	15	Optimal	3534.2962849140167	A	470.4330868947253	659.705083167889	1130.1381700626143	0.0	551.9222578911836
LP	./instancesSurcharges/alpha0_1/pmed/pmed23_1.txt	500	50	3	Optimal	151.44086289405823	A	89.0	141.7024778771907	230.7024778771907	0.0	89.0
LP	./instancesSurcharges/alpha0_1/pmed/pmed26_3.txt	600	5	10	Optimal	2529.6694741249084	A	263.61442768145594	350.76971737968927	614.3841450611452	0.0	351.5406148323935
