Instances	 nnodes	 p	 strates	 faisabilite	 temps	 fctObj	 As	 Bs	 As+Bs	 noeuds	 borne	 gap
LP	./instancesSurcharges/alpha0_1/pmed/pmed11_4.txt	300	5	15	Optimal	1454.7546038627625	AB	516.4298441266825	529.5401125290566	1045.9699566557392	0.0	1607.0787964380982
LP	./instancesSurcharges/alpha0_1/pmed/pmed11_5.txt	300	5	20	Optimal	2139.836566925049	AB	593.0657868237859	605.6511850559892	1198.716971879775	0.0	2129.3832526384895
LP	./instancesSurcharges/alpha0_1/pmed/pmed16_3.txt	400	5	10	Optimal	1977.5250968933105	AB	204.72801278737046	204.91144146273388	409.63945425010434	0.0	866.1825192600853
LP	./instancesSurcharges/alpha0_1/pmed/pmed16_4.txt	400	5	15	Optimal	3024.285842895508	AB	384.13122008481963	392.8160447621197	776.9472648469393	0.0	1356.553833369438
LP	./instancesSurcharges/alpha0_1/pmed/pmed21_3.txt	500	5	10	Optimal	2860.518532037735	AB	191.38006514338326	199.44791632521455	390.82798146859784	0.0	722.2797622302106
LP	./instancesSurcharges/alpha0_1/pmed/pmed23_5.txt	500	50	20	Optimal	1859.219279050827	AB	587.5936896175806	606.5024873347486	1194.0961769523292	0.0	1250.0
LP	./instancesSurcharges/alpha0_1/pmed/pmed26_3.txt	600	5	10	Optimal	3090.1081058979034	AB	195.5	202.89119080338537	398.39119080338537	0.0	707.7631415354225
